{
  "productos": [
    {
      "id": 2,
      "producto": "PowerPulse",
      "precio": 203.11,
      "imagen": "https://firebasestorage.googleapis.com/v0/b/proyectoweb2-bf2da.appspot.com/o/zapatillas3.jpg?alt=media&token=51d53148-f7e5-4c45-b728-be960bda569a",
      "oferta": true
    },
    {
      "id": 4,
      "producto": "FlexForce",
      "precio": 340.43,
      "imagen": "https://firebasestorage.googleapis.com/v0/b/proyectoweb2-bf2da.appspot.com/o/zapatillas6.jpg?alt=media&token=e37de876-3915-4d58-9292-d552ba5449f2",
      "oferta": true
    },
    {
      "id": 5,
      "producto": "AeroSprint",
      "precio": 236.76,
      "imagen": "https://firebasestorage.googleapis.com/v0/b/proyectoweb2-bf2da.appspot.com/o/zapatillas13.jpg?alt=media&token=9850dbb5-c9ee-4a1e-aa45-99dac9f50950",
      "oferta": false
    },
    {
      "id": 6,
      "producto": "ElevateX",
      "precio": 162.16,
      "imagen": "https://firebasestorage.googleapis.com/v0/b/proyectoweb2-bf2da.appspot.com/o/zapatillas7.jpg?alt=media&token=c506ce01-f661-41cc-b9f4-1df124a219a5",
      "oferta": false
    },
    {
      "id": 7,
      "producto": "SwiftStrike",
      "precio": 303.43,
      "imagen": "https://firebasestorage.googleapis.com/v0/b/proyectoweb2-bf2da.appspot.com/o/zapatillas8.jpg?alt=media&token=3504ffab-c0c4-4446-83aa-9d048ffee55f",
      "oferta": false
    },
    {
      "id": 8,
      "producto": "EnduranceBoost",
      "precio": 184.27,
      "imagen": "https://firebasestorage.googleapis.com/v0/b/proyectoweb2-bf2da.appspot.com/o/zapatillas14.jpg?alt=media&token=faf276df-5c4f-4eb5-9039-9367ecb52476",
      "oferta": false
    },
    {
      "id": 9,
      "producto": "DynamicGrip",
      "precio": 229.68,
      "imagen": "https://firebasestorage.googleapis.com/v0/b/proyectoweb2-bf2da.appspot.com/o/zapatillas13.jpg?alt=media&token=9850dbb5-c9ee-4a1e-aa45-99dac9f50950",
      "oferta": false
    },
    {
      "id": 10,
      "producto": "MaxMotion",
      "precio": 492.1,
      "imagen": "https://firebasestorage.googleapis.com/v0/b/proyectoweb2-bf2da.appspot.com/o/zapatillas14.jpg?alt=media&token=faf276df-5c4f-4eb5-9039-9367ecb52476",
      "oferta": false
    }
  ],
  "personal": [
    {
      "id": 1,
      "nombre": "Quinn",
      "apellido": "Wesson",
      "correo": "qwesson0@eventbrite.com",
      "password": "12345"
    },
    {
      "id": 2,
      "nombre": "Hewe",
      "apellido": "Shmyr",
      "correo": "hshmyr1@cmu.edu",
      "password": "pRViI8"
    },
    {
      "id": 3,
      "nombre": "Valaree",
      "apellido": "Matzaitis",
      "correo": "vmatzaitis2@si.edu",
      "password": "PTyJK9A"
    },
    {
      "id": 4,
      "nombre": "Else",
      "apellido": "Stemson",
      "correo": "estemson3@cornell.edu",
      "password": "dEzQeWff"
    },
    {
      "id": 5,
      "nombre": "Lilah",
      "apellido": "Kleinhaut",
      "correo": "lkleinhaut4@imageshack.us",
      "password": "xqUf5NATms"
    },
    {
      "id": 6,
      "nombre": "Elbert",
      "apellido": "Cheer",
      "correo": "echeer5@virginia.edu",
      "password": "1CsZ3mNl7kH"
    },
    {
      "id": 7,
      "nombre": "Trescha",
      "apellido": "Allcott",
      "correo": "tallcott6@blogspot.com",
      "password": "8L6HSppKyH"
    },
    {
      "id": 8,
      "nombre": "Addy",
      "apellido": "Eggins",
      "correo": "aeggins7@mapquest.com",
      "password": "ILN4Fw0Wf"
    },
    {
      "id": 9,
      "nombre": "Barbette",
      "apellido": "Jaffa",
      "correo": "bjaffa8@soundcloud.com",
      "password": "SvpCmIOw9"
    },
    {
      "id": 10,
      "nombre": "Bennie",
      "apellido": "Weild",
      "correo": "bweild9@reuters.com",
      "password": "miQ8nx9"
    }
  ]
}